zone_id,zone_name,latitude,longitude,elevation_m,water_body_distance_km,historical_inundation_count_x,historical_max_depth_in_x,historical_mean_depth_in_x,historical_inundation_count_y,historical_max_depth_in_y,historical_mean_depth_in_y,historical_inundation_count,historical_max_depth_in,historical_mean_depth_in
CHN_CENTRAL,Chennai Central,13.0827,80.2707,12.0,0.10865826346081446,0,0.0,0.0,0,0.0,0.0,0,0.0,0.0
CHN_MANALI,Manali,13.1631,80.2586,8.0,4.495779872634474,6,15.0,10.5,6,15.0,10.5,6,15.0,10.5
CHN_KODUNGYR,Kodungaiyur,13.1275,80.247,10.0,5.297490493781279,0,0.0,0.0,0,0.0,0.0,0,0.0,0.0
CHN_ROYAPRM,Royapuram,13.1143,80.2947,13.0,0.4792406937440334,0,0.0,0.0,0,0.0,0.0,0,0.0,0.0
CHN_WSHRMNPT,Washermanpet,13.1167,80.2833,11.0,1.4698512432387152,0,0.0,0.0,0,0.0,0.0,0,0.0,0.0
CHN_PERAMBUR,Perambur,13.1102,80.2323,13.0,3.3673129507381843,0,0.0,0.0,0,0.0,0.0,0,0.0,0.0
CHN_KOYAMBDU,Koyambedu,13.0694,80.1948,13.0,1.5825109413050202,0,0.0,0.0,0,0.0,0.0,0,0.0,0.0
CHN_ANNANGR,Anna Nagar,13.085,80.2101,15.0,1.1234119287534883,0,0.0,0.0,0,0.0,0.0,0,0.0,0.0
CHN_AMBATTUR,Ambattur,13.1143,80.1548,22.0,6.025770876870914,0,0.0,0.0,0,0.0,0.0,0,0.0,0.0
CHN_AVADI,Avadi,13.1147,80.097,31.0,9.925981183452555,0,0.0,0.0,0,0.0,0.0,0,0.0,0.0
CHN_NUNGMBKM,Nungambakkam,13.0569,80.2425,12.0,2.903595823802758,8,13.0,9.5,8,13.0,9.5,8,13.0,9.5
CHN_TNAGAR,T Nagar,13.0418,80.2341,16.0,4.263790057829936,26,60.0,12.346153846153847,26,60.0,12.346153846153847,26,60.0,12.346153846153847
CHN_MYLAPORE,Mylapore,13.0339,80.2619,15.0,3.502417919768409,0,0.0,0.0,0,0.0,0.0,0,0.0,0.0
CHN_ADYAR,Adyar,13.0067,80.257,14.0,0.7728152874383396,2,7.0,6.5,2,7.0,6.5,2,7.0,6.5
CHN_GUINDY,Guindy,13.0067,80.2206,15.0,0.10141107976158777,4,29.0,14.0,4,29.0,14.0,4,29.0,14.0
CHN_VELACHRY,Velachery,12.9756,80.22,9.0,3.380325769994651,26,9.5,6.576923076923077,26,9.5,6.576923076923077,26,9.5,6.576923076923077
CHN_PERUNGDI,Perungudi,12.9647,80.2422,9.0,3.0769041375733557,9,15.0,9.222222222222221,9,15.0,9.222222222222221,9,15.0,9.222222222222221
CHN_SHOLINGL,Sholinganallur/OMR,12.901,80.2279,9.0,1.856772144660319,1,6.5,6.5,1,6.5,6.5,1,6.5,6.5
CHN_TAMBARAM,Tambaram,12.9249,80.1,21.0,8.842814873485356,0,0.0,0.0,0,0.0,0.0,0,0.0,0.0
CHN_PALLAVRM,Pallavaram,12.9675,80.1491,30.0,4.965706494792018,0,0.0,0.0,0,0.0,0.0,0,0.0,0.0
