latitude,longitude,depth_inches,remarks
12.99890552,80.207447,7.0,completely  inundated  with flood water
12.99925997,80.2075221,6.5,partially flooded
13.00254573,80.2087814,6.0,partially flooded
12.99995025,80.20772696,6.5,partially flooded
12.97839607,80.20419817,6.5,partially  inundated one side of the road
12.97323496,80.21074276,5.5,partially flooded one side of the road
12.96137578,80.21517478,7.0,partially inundated on sides of the road
12.95736183,80.21355975,6.5,partially inundated on the side of the road
12.97256094,80.21946564,6.0,partially inundated on the road
12.97270535,80.21950521,6.0,partially inundated on the road
12.97379299,80.21866065,6.0,partially inundated on the road
12.97547983,80.22072293,6.5,partially inundated on the road
12.97555693,80.22076853,6.0,partially inundated on the road side
12.97610941,80.22118963,6.0,partially inundated on the road near bus stand
12.97617279,80.22126641,5.5,partially flooded on the road
12.97622572,80.22122987,6.0,partially inundated on sides of the road
12.97753159,80.22123925,6.0,partially inundated on the road side
12.97749761,80.22125937,6.0,partially flooded
12.978268,80.22121076,6.0,partially flooded on the road side
12.97865319,80.22120036,6.0,partially inundated on the road side
12.97996134,80.22106793,6.0,flood inundated on the road
12.98029981,80.22100825,9.0,flood inundated on the road near tneb office
12.98083365,80.22096667,8.0,partially flooded
12.98094931,80.22101026,9.0,partially flooded on the road
12.98102641,80.22105418,9.5,partially flooded
12.98113324,80.22108268,7.5,partially flooded
12.97438468,80.22041917,6.0,partially flooded
12.9636665,80.21545239,5.5,partially flooded on the road near bus stop
12.96374525,80.21517377,5.5,partially flooded on the road side
12.96467937,80.1961197,6.5,completely flooded  on the road junction
12.96464147,80.19598592,5.5,partially flooded on the road side
12.96464669,80.1959135,17.0,food water completely  inundate and cause road block sometimes
12.96515214,80.19233543,5.7,partially flooded on the road side
12.96521912,80.19208733,5.5,partially flooded on the road side
12.99677716,80.24918921,7.0,partially  covered  one side of the road
12.99670431,80.24920732,6.0,partially flooded covering one side of the road
13.00688792,80.24010926,7.0,partially  flooded  covering  flyover  entry
12.97966665,80.2432156,29.0,completely flooded  and drain within 2 hours
12.97832746,80.23890059,17.0,completely flooded bocking railway  station exit upto 1 feet
12.97820331,80.23972739,10.5,completely flooded
12.97802003,80.24108056,6.0,completely flooded upto 12
12.97807818,80.24142824,5.0,completely flooded upto10
12.9782056,80.24187349,6.0,completely flooded bocking railway station entrance  upto 2 feet
12.97840391,80.24251923,7.0,completely inundated
12.97853786,80.2430483,7.0,completely flooded bocking railway station entrance  upto 1 feet
12.97838921,80.24317469,20.0,completely flooded  upto 1.5 feet reported drain in 2 hours
12.97881099,80.24313781,20.0,completely flooded  reported
12.97835948,80.24098601,16.0,railway station covered by flood upto 1 feet
12.97510803,80.24406251,9.0,completely flooded upto  1 feet and drain in 2 hours
12.97485907,80.24414532,5.0,completely flooded upto 1 feet
12.97464049,80.24420165,7.0,completely flooded
12.93575135,80.23390364,6.0,flood water inundated  into road juction
12.91398442,80.22935662,6.5,inundated  into road  covering junction
12.91143181,80.19584745,6.0,partially inundated on the junction
12.91137396,80.1959021,6.0,partially inundated
12.92707258,80.19776087,6.0,one side of the road got partially  flood
12.92773986,80.19821215,6.0,connecting road junction got flooded
12.9358912,80.20432625,8.5,main road got partially  flooded and connection got afffected
12.94048943,80.20571563,6.0,partially  flooded  covering  half of the road on both side
12.94122039,80.20599324,6.5,both side of the road got flooded
12.95129029,80.21098584,6.5,service road joining main road  got partially  flooded
12.97331664,80.21969497,6.0,partially flooded
12.97614633,80.2198958,6.5,partially flooded
12.97631197,80.21930739,7.0,road got completely  flooed
12.97799422,80.21909986,8.0,partially  side of the road got flooded
12.99742628,80.21617256,29.0,completely  flooded
13.00670237,80.21266423,6.0,partially  flooded  covering  one side  of the road
13.0098038,80.21502256,15.0,flood water completely  get inundated  into the road
12.99558246,80.20116225,7.0,flood water inundate upto 2feet in subway
12.99718258,80.2070906,9.5,partially flooded covering half road
12.99740962,80.20712782,7.5,partially flooded
12.94871485,80.20184319,60.0,completely inundated covering entirely- traffic inspector record
12.94871649,80.20291675,40.0,completely inundated covering entirely
12.94876125,80.20352729,15.0,completely inundated  covering entirely
12.97255277,80.19142818,14.0,completely inundated
12.98530135,80.17683998,35.0,completely inundated subway blocked
12.98922501,80.18541198,35.0,completely inundated subways blocked
12.97686869,80.1935022,14.0,completely inundated
12.97770834,80.19380596,5.0,
12.97949839,80.19460358,15.0,completely inundated
12.98092971,80.19526441,11.0,completely inundated
12.98199608,80.19589942,10.0,completely inundated
12.95934218,80.24459191,15.0,completely inundated and drain in 4 hours
12.95902296,80.24447858,13.0,completely inundated
12.95875634,80.24434246,10.0,completely inundated
12.96233213,80.24597425,13.0,completely inundated
13.03326511,80.20966519,7.0,completely inundated blocking connection road
13.03337878,80.20970542,7.8,partially inundated
13.03347906,80.20972352,7.0,partially inundated
13.03314752,80.20967625,7.5,partially inundated
13.03524944,80.20977851,21.0,completely inundated  blocking road
13.03509069,80.20992771,15.0,completely inundated  blocking road reported
13.03666573,80.21224346,13.0,completely inundated
13.03682611,80.21225151,11.0,completely inundated
13.03689078,80.21223843,13.0,completely inundated covering entirely junction
13.03706226,80.21225553,11.0,partially inundated covering one lane
13.03737681,80.21225922,11.0,partially inundated covering one lane
13.03765445,80.21225452,11.0,partially inundated covering one lane
13.03690417,80.21207515,15.0,completely inundated
13.03554962,80.20695616,11.0,completely inundated
13.0356316,80.20589802,11.0,completely inundated
13.03607256,80.20274777,14.0,completely inundated
13.03663405,80.19968636,15.0,completely inundated
13.0372798,80.19529894,14.0,completely inundated
13.03729809,80.20456363,16.0,completely inundated
13.04049353,80.20510074,16.0,completely inundated
13.03851317,80.2084877,5.0,tree fall
13.04044258,80.20873312,8.5,completely inundated
13.04134636,80.20884611,10.0,completely inundated
13.04187713,80.20896513,15.0,completely inundated
13.04313399,80.2091093,11.0,completely inundated
13.03779327,80.21318257,8.0,completely inundated
13.03841877,80.21368448,9.0,completely inundated
13.03906975,80.21412872,9.0,completely inundated
13.03939311,80.21418136,9.0,completely inundated covering  junction
13.03987947,80.21467086,9.0,completely inundated
13.04052979,80.21511275,9.0,completely inundated  raised upto 10
13.04337308,80.21982808,8.0,completely inundated
13.04304286,80.22149339,11.0,completely inundated
13.04204894,80.22540171,11.0,completely inundated
13.04179743,80.22642028,11.0,completely inundated
13.04126503,80.22883125,60.0,completely inundated  and subway closed
13.04224263,80.22493768,9.0,completely inundated junction
13.04531127,80.22578862,11.0,completely inundated
13.04620557,80.2260793,11.0,
13.04669354,80.22620972,11.0,completely inundated
13.0467471,80.22603907,11.0,completely inundated blocking junction
13.04743791,80.23296855,13.0,completely inundated
13.04691597,80.23300476,9.0,completely inundated
13.0435978,80.2324757,11.0,completely inundated
13.04528841,80.23285322,11.0,completely inundated
13.04845337,80.23321934,11.0,completely inundated
13.05005478,80.23341246,5.0,
13.05311549,80.23425534,12.0,completely inundated
13.04524954,80.24009485,9.0,completely inundated under flyover upto 7
13.04495068,80.24028931,11.0,
13.04463679,80.23957115,8.0,completely inundated under flyover upto  8
13.03507697,80.23046203,10.0,completely inundated
13.03451026,80.23039967,8.0,completely inundated upto 10
13.03510898,80.23011334,8.0,completely inundated upto 10
13.03695578,80.23604203,20.0,completely inundated upto 15inches
13.03987881,80.24318475,15.0,completely inundated upto 10 inch reported
13.05355413,80.23588646,7.0,partially inundated
13.05406887,80.22836655,7.0,partially inundated
13.05374324,80.22576313,10.0,partially inundated reported upto 7
13.05082494,80.21998633,9.0,completely inundated
13.04747841,80.21900799,9.0,completely inundated
13.04405802,80.21764576,9.0,completely inundated
13.05184169,80.21855704,12.0,completely inundated covering entirely road
13.0509079,80.21579504,12.0,completely inundated covering entirely road
13.05013643,80.21369621,11.0,completely flooded bocking entire road
13.16460964,80.20662121,7.0,road damage and water stagnant
13.16327701,80.20877436,7.0,water stagnant and drainage water into the road
13.16212262,80.20877671,7.5,road damage
13.16246639,80.20876497,7.5,road damage and water stagnant
13.16081641,80.20790633,9.0,road damage and water stagnant
13.15282364,80.20872172,9.0,water stagnant
13.1449155,80.22320095,11.0,water stagnant and road damage
13.14405618,80.25435783,13.0,water stagnant and drainage water into the road and road closed
13.14471961,80.25442421,9.5,water stagnant
13.15392127,80.25701355,11.0,water stagnant
13.15396535,80.25743734,8.5,water stagnant
13.15609627,80.26105799,7.5,
13.15319551,80.25757045,10.0,water stagnant
13.15147332,80.25796104,11.0,water stagnant
13.14891401,80.25815751,11.0,water stagnant
13.14999239,80.25844619,15.0,water stagnant
13.13087859,80.2007921,13.0,water stagnant
13.13325688,80.1941523,10.0,water stagnant
13.12972731,80.19382339,11.0,
13.14536116,80.2189292,9.5,water stagnant
13.14618686,80.21778021,11.0,water stagnant
13.14198196,80.1855481,9.0,water stagnant
13.14069426,80.18615294,9.5,water stagnant
13.1321301,80.1708952,11.0,water stagnant
13.12221384,80.16743749,10.0,water stagnant and water from the park lake
13.1195037,80.16857006,9.0,water stagnant and drainage water into the road
13.11734406,80.16902804,8.0,water stagnant and damage roads
13.12338344,80.20153608,10.0,water stagnant
13.01543879,80.18901352,5.0,Water stagnant
13.01595361,80.18160861,5.0,Water flow
13.100092,80.16768359,8.0,water stagnant
13.09961687,80.17087173,5.0,
13.0995692,80.17204821,10.0,water stagnant
13.10198468,80.21483783,12.0,water stagnant
13.1026208,80.20937316,8.0,water stagnant
13.10560967,80.20929169,7.0,water stagnant
13.10556951,80.21083999,8.0,water stagnant
13.10585295,80.20727534,9.0,water stagnant
13.10530468,80.20719118,12.0,water stagnant
13.10560053,80.20713653,12.0,water stagnant
13.11413949,80.19854844,8.0,water stagnant
