zone_name,MAE,RMSE,R2,n_rows
Avadi,2.923603454589844,5.367470246464393,0.8524858314072393,2625.0
Tambaram,2.983021753220331,5.784800674724912,0.8121557278830157,2625.0
Ambattur,3.0477313058035715,5.573184110134026,0.8409618830509029,2625.0
Koyambedu,3.0687399437313987,5.538669796790927,0.8429256059522116,2625.0
Pallavaram,3.091496861049107,5.8072294480837945,0.810696288095558,2625.0
Sholinganallur/OMR,4.418072820754278,7.3894577529764875,0.5994610910108658,2625.0
Velachery,4.552041053408668,7.499024394297982,0.5874951090752618,2625.0
Perungudi,4.565195608956473,7.5218397311642935,0.5849812474258471,2625.0
Manali,5.2441178283691405,9.102215432750823,0.6536065798093071,2625.0
Mylapore,5.27652783203125,9.035884871184585,0.658636729239271,2625.0
Nungambakkam,5.27652783203125,9.035884871184585,0.658636729239271,2625.0
Adyar,5.27652783203125,9.035884871184585,0.658636729239271,2625.0
Guindy,5.27652783203125,9.035884871184585,0.658636729239271,2625.0
T Nagar,5.27652783203125,9.035884871184585,0.658636729239271,2625.0
Royapuram,5.286516453334263,9.076976009900335,0.6555249366552496,2625.0
Anna Nagar,5.3168844284784225,9.081007944004275,0.6552188414921218,2625.0
Chennai Central,5.3168844284784225,9.081007944004275,0.6552188414921218,2625.0
Kodungaiyur,5.317022614978609,9.081069687462387,0.6552141530140322,2625.0
Washermanpet,5.317022614978609,9.081069687462387,0.6552141530140322,2625.0
Perambur,5.317235037667411,9.082105024048142,0.6551355301726628,2625.0
