zone_id,zone_name,latitude,longitude,is_caaqm_station
CHN_CENTRAL,Chennai Central,13.0827,80.2707,False
CHN_MANALI,Manali,13.1631,80.2586,True
CHN_KODUNGYR,Kodungaiyur,13.1275,80.247,True
CHN_ROYAPRM,Royapuram,13.1143,80.2947,True
CHN_WSHRMNPT,Washermanpet,13.1167,80.2833,False
CHN_PERAMBUR,Perambur,13.1102,80.2323,False
CHN_KOYAMBDU,Koyambedu,13.0694,80.1948,True
CHN_ANNANGR,Anna Nagar,13.085,80.2101,False
CHN_AMBATTUR,Ambattur,13.1143,80.1548,False
CHN_AVADI,Avadi,13.1147,80.097,False
CHN_NUNGMBKM,Nungambakkam,13.0569,80.2425,False
CHN_TNAGAR,T Nagar,13.0418,80.2341,False
CHN_MYLAPORE,Mylapore,13.0339,80.2619,False
CHN_ADYAR,Adyar,13.0067,80.257,False
CHN_GUINDY,Guindy,13.0067,80.2206,False
CHN_VELACHRY,Velachery,12.9756,80.22,False
CHN_PERUNGDI,Perungudi,12.9647,80.2422,True
CHN_SHOLINGL,Sholinganallur/OMR,12.901,80.2279,False
CHN_TAMBARAM,Tambaram,12.9249,80.1,False
CHN_PALLAVRM,Pallavaram,12.9675,80.1491,False
