zone_id,major_road_segments,traffic_signal_count,overpass_fetch_ok,road_density_score
CHN_CENTRAL,289,26,True,315
CHN_MANALI,32,0,True,32
CHN_KODUNGYR,153,0,True,153
CHN_ROYAPRM,76,2,True,78
CHN_WSHRMNPT,127,2,True,129
CHN_PERAMBUR,186,0,True,186
CHN_KOYAMBDU,141,7,True,148
CHN_ANNANGR,182,16,True,198
CHN_AMBATTUR,123,4,True,127
CHN_AVADI,57,3,True,60
CHN_NUNGMBKM,325,16,True,341
CHN_TNAGAR,381,25,True,406
CHN_MYLAPORE,245,20,True,265
CHN_ADYAR,154,13,True,167
CHN_GUINDY,137,11,True,148
CHN_VELACHRY,145,6,True,151
CHN_PERUNGDI,76,3,True,79
CHN_SHOLINGL,91,6,True,97
CHN_TAMBARAM,101,0,True,101
CHN_PALLAVRM,112,2,True,114
