zone_id,distance_to_congestion_hotspot_km
CHN_CENTRAL,5.131274034903493
CHN_MANALI,6.53535982764686
CHN_KODUNGYR,2.496933688386306
CHN_ROYAPRM,6.773018566973177
CHN_WSHRMNPT,5.5701497774934445
CHN_PERAMBUR,0.0
CHN_KOYAMBDU,0.0
CHN_ANNANGR,2.3989920770542286
CHN_AMBATTUR,6.610177913082069
CHN_AVADI,11.728909959606371
CHN_NUNGMBKM,1.638693819507641
CHN_TNAGAR,0.0
CHN_MYLAPORE,1.9025650822675837
CHN_ADYAR,4.160590620200979
CHN_GUINDY,1.5983978373161498
CHN_VELACHRY,4.1614398299193285
CHN_PERUNGDI,6.41057429499625
CHN_SHOLINGL,0.0
CHN_TAMBARAM,7.123912918812531
CHN_PALLAVRM,0.0
